epoch,time,train/box_loss,train/cls_loss,train/dfl_loss,metrics/precision(B),metrics/recall(B),metrics/mAP50(B),metrics/mAP50-95(B),val/box_loss,val/cls_loss,val/dfl_loss,lr/pg0,lr/pg1,lr/pg2
1,212.145,4.15132,5.37655,4.2277,0,0,0,0,5.17883,5.63956,4.16012,5.25e-05,5.25e-05,5.25e-05
2,394.893,4.09296,5.33221,4.20359,0,0,0,0,5.1838,5.63835,4.1676,0.000105371,0.000105371,0.000105371
3,589.155,4.08632,5.32854,4.1769,0,0,0,0,5.17525,5.65514,4.17325,0.000156065,0.000156065,0.000156065
4,773.881,4.06568,5.28425,4.13884,0,0,0,0,5.16207,5.71178,4.17953,0.00020458,0.00020458,0.00020458
5,952.458,3.99783,5.22598,4.08732,0,0,0,0,5.13209,5.8347,4.16362,0.0002302,0.0002302,0.0002302
6,1151.03,3.63819,5.13643,3.99041,0,0,0,0,4.82862,5.43883,3.9839,0.00022525,0.00022525,0.00022525
7,1389.11,3.46991,5.02297,3.85459,0.08946,0.03072,0.00281,0.00042,3.90823,4.9076,3.73145,0.0002203,0.0002203,0.0002203
8,1599.28,3.3328,4.90486,3.76908,0.47286,0.01161,0.00068,0.00013,3.35039,9.49073,3.5137,0.00021535,0.00021535,0.00021535
9,1776.76,3.19744,4.81157,3.67261,0.14802,0.03135,0.00082,0.00017,3.37115,8.24805,3.37837,0.0002104,0.0002104,0.0002104
10,1978.04,3.06578,4.69862,3.56023,0.56145,0.00452,0.00202,0.00037,3.28135,5.3282,3.20513,0.00020545,0.00020545,0.00020545
11,2167.4,3.00358,4.62901,3.50959,0.00144,0.08934,0.00209,0.00058,3.18834,5.20944,3.12604,0.0002005,0.0002005,0.0002005
12,2357.65,2.95241,4.58321,3.46359,0.00181,0.07469,0.00812,0.00257,3.18738,4.97246,3.1081,0.00019555,0.00019555,0.00019555
13,2553.9,2.97716,4.44253,3.38215,0.29791,0.0261,0.00707,0.00295,3.29987,4.78025,3.2319,0.0001906,0.0001906,0.0001906
14,2756.35,2.87971,4.38077,3.35358,0.68156,0.00579,0.00427,0.0015,2.99502,4.41296,3.00795,0.00018565,0.00018565,0.00018565
15,2947.99,2.8669,4.28551,3.31427,0.00342,0.12789,0.00869,0.00279,3.02127,4.26403,3.04778,0.0001807,0.0001807,0.0001807
16,3143.95,2.83845,4.21781,3.26856,0.00274,0.12254,0.00377,0.00109,2.96758,4.37331,3.02846,0.00017575,0.00017575,0.00017575
17,3335.83,2.80524,4.11278,3.21444,0.00435,0.1983,0.01051,0.00238,2.99242,4.09147,3.01057,0.0001708,0.0001708,0.0001708
18,3500.7,2.70631,4.00089,3.12493,0.00651,0.17996,0.00768,0.00193,3.01594,4.07927,2.99215,0.00016585,0.00016585,0.00016585
19,3751.98,2.72445,3.92436,3.08154,0.00531,0.13557,0.00908,0.00284,2.89994,4.00209,2.88959,0.0001609,0.0001609,0.0001609
20,4026.75,2.66027,3.87545,3.0515,0.00504,0.16651,0.00598,0.00184,3.04988,4.05933,2.96778,0.00015595,0.00015595,0.00015595
21,4297.83,2.59192,3.80269,3.03182,0.00699,0.22438,0.01371,0.00266,3.04073,3.94807,2.95274,0.000151,0.000151,0.000151
22,4586.36,2.59515,3.68867,2.97603,0.00579,0.22859,0.01045,0.0032,2.79278,3.83564,2.80657,0.00014605,0.00014605,0.00014605
23,4848.98,2.54392,3.65214,2.93476,0.00791,0.25418,0.01255,0.00384,2.93017,3.85275,2.88197,0.0001411,0.0001411,0.0001411
24,5105.9,2.54927,3.62934,2.91231,0.00463,0.20963,0.01188,0.00315,3.02805,3.70627,2.95595,0.00013615,0.00013615,0.00013615
25,5362.07,2.57496,3.61973,2.90657,0.00568,0.20203,0.01078,0.00252,3.09828,3.87005,2.91598,0.0001312,0.0001312,0.0001312
26,5623.49,2.47805,3.57591,2.83262,0.53969,0.0105,0.0098,0.00294,2.7814,3.74168,2.81587,0.00012625,0.00012625,0.00012625
27,5875.75,2.40728,3.54566,2.80395,0.4245,0.04262,0.02418,0.00572,2.87217,3.6471,2.81299,0.0001213,0.0001213,0.0001213
28,6128.31,2.4195,3.50661,2.8017,0.66396,0.02286,0.01992,0.00695,2.58617,3.62653,2.6656,0.00011635,0.00011635,0.00011635
29,6386.3,2.35865,3.5128,2.76103,0.42335,0.04388,0.02422,0.00774,2.68066,3.58473,2.73922,0.0001114,0.0001114,0.0001114
30,6639.68,2.31398,3.47001,2.73189,0.66575,0.02942,0.02464,0.0078,2.67341,3.58971,2.71049,0.00010645,0.00010645,0.00010645
31,6894.18,2.34059,3.49222,2.73769,0.33298,0.03029,0.01469,0.0052,2.56922,3.57644,2.69975,0.0001015,0.0001015,0.0001015
32,7155.89,2.28388,3.47524,2.68622,0.00924,0.28749,0.02246,0.00741,2.52581,3.60287,2.66918,9.655e-05,9.655e-05,9.655e-05
33,7418.47,2.31554,3.45563,2.69701,0.6748,0.01658,0.02468,0.0078,2.60824,3.58307,2.66342,9.16e-05,9.16e-05,9.16e-05
34,7683.43,2.31535,3.44251,2.67394,0.54747,0.07505,0.03052,0.00993,2.57295,3.52136,2.68987,8.665e-05,8.665e-05,8.665e-05
35,7957.46,2.23818,3.4287,2.64594,0.00815,0.28778,0.02305,0.00803,2.47589,3.54725,2.6333,8.17e-05,8.17e-05,8.17e-05
36,8228.04,2.22031,3.41164,2.6145,0.4224,0.0255,0.01426,0.00521,2.26956,3.74369,2.48125,7.675e-05,7.675e-05,7.675e-05
37,8499.23,2.19375,3.40425,2.62657,0.6763,0.02685,0.02524,0.01039,2.22487,3.54341,2.44768,7.18e-05,7.18e-05,7.18e-05
38,8771.89,2.25333,3.413,2.62643,0.73216,0.02908,0.02882,0.00945,2.67988,3.51129,2.70221,6.685e-05,6.685e-05,6.685e-05
39,9042.3,2.14672,3.38618,2.60173,0.54681,0.04096,0.02964,0.00991,2.65454,3.47511,2.67494,6.19e-05,6.19e-05,6.19e-05
40,9324.32,2.17384,3.38348,2.59323,0.5407,0.0647,0.03127,0.01157,2.29108,3.44023,2.51362,5.695e-05,5.695e-05,5.695e-05
41,9597.92,2.07232,3.56753,2.48859,0.72527,0.03586,0.0251,0.00932,2.34676,3.49862,2.54241,5.2e-05,5.2e-05,5.2e-05
42,9795.31,2.05868,3.48492,2.504,0.75365,0.03043,0.02852,0.01021,2.2833,3.57816,2.52276,4.705e-05,4.705e-05,4.705e-05
43,9950.41,2.062,3.45411,2.50139,0.78468,0.02664,0.02821,0.00989,2.29554,3.59568,2.52121,4.21e-05,4.21e-05,4.21e-05
44,10107.9,2.03262,3.42049,2.46557,0.76034,0.0283,0.03246,0.01338,2.14856,3.49532,2.47904,3.715e-05,3.715e-05,3.715e-05
45,10256.9,2.01673,3.44247,2.46139,0.78239,0.03766,0.03404,0.01406,2.19863,3.46044,2.51635,3.22e-05,3.22e-05,3.22e-05
46,10401.2,2.01745,3.40982,2.49082,0.78825,0.03101,0.03589,0.01416,2.2046,3.46361,2.49815,2.725e-05,2.725e-05,2.725e-05
47,10548.7,2.02412,3.40698,2.46116,0.78829,0.02938,0.03818,0.0143,2.22463,3.47898,2.49564,2.23e-05,2.23e-05,2.23e-05
48,10698,1.98959,3.4184,2.47073,0.78604,0.02793,0.03922,0.0144,2.24088,3.48456,2.48984,1.735e-05,1.735e-05,1.735e-05
49,10844.6,1.98465,3.401,2.44528,0.78697,0.02623,0.03681,0.01443,2.20343,3.47851,2.46942,1.24e-05,1.24e-05,1.24e-05
50,10990.2,1.98283,3.34917,2.43506,0.78562,0.03156,0.03899,0.01572,2.17251,3.44986,2.46142,7.45e-06,7.45e-06,7.45e-06
